severity,category,check,file,line,element,measure_n,staff_n,layer_n,xml_id,message,expected,actual,context
error,publication,cmn_relaxng_pi,pisendel_violin_concerto_corr.mei,5,mei,,,,,Publication MEI is missing its MEI 5.1 CMN RELAX NG xml-model declaration.,https://music-encoding.org/schema/5.1/mei-CMN.rng,"href=""https://music-encoding.org/schema/5.1/mei-all.rng"" type=""application/xml"" schematypens=""http://relaxng.org/ns/structure/1.0"" | href=""https://music-encoding.org/schema/5.1/mei-all.rng"" type=""application/xml"" schematypens=""http://purl.oclc.org/dsdl/schematron""",
error,publication,cmn_schematron_pi,pisendel_violin_concerto_corr.mei,5,mei,,,,,Publication MEI is missing its MEI 5.1 CMN Schematron xml-model declaration.,https://music-encoding.org/schema/5.1/mei-CMN.rng,"href=""https://music-encoding.org/schema/5.1/mei-all.rng"" type=""application/xml"" schematypens=""http://relaxng.org/ns/structure/1.0"" | href=""https://music-encoding.org/schema/5.1/mei-all.rng"" type=""application/xml"" schematypens=""http://purl.oclc.org/dsdl/schematron""",
error,references,broken_internal_reference,pisendel_violin_concerto_corr.mei,22619,slur,187.0,8.0,,sar5hrj1,Reference '#nytj9hd1' in @endid does not resolve to an xml:id in this file.,,#nytj9hd1,
warning,publication,cmn_meiversion,pisendel_violin_concerto_corr.mei,5,mei,,,,,Publication profile should identify the MEI version and customization.,5.1+CMN,5.1,
warning,publication,editorial_declaration,pisendel_violin_concerto_corr.mei,5,meiHead,,,,m1c6k1f5,Publication MEI should state its editorial policy.,,,
warning,publication,iiif_manifest,pisendel_violin_concerto_corr.mei,5,meiHead,,,,m1c6k1f5,Source metadata should link the IIIF Presentation manifest.,,,
warning,publication,mei_license,pisendel_violin_concerto_corr.mei,5,meiHead,,,,m1c6k1f5,Publication MEI should state reuse conditions.,,,
warning,publication,project_description,pisendel_violin_concerto_corr.mei,5,meiHead,,,,m1c6k1f5,Publication MEI should identify its project context.,,,
warning,publication,publisher,pisendel_violin_concerto_corr.mei,5,meiHead,,,,m1c6k1f5,Publication MEI should identify its publisher.,,,
warning,publication,repository_alt_id,pisendel_violin_concerto_corr.mei,5,meiHead,,,,m1c6k1f5,meiHead should carry a non-empty repository-stem altId.,,,
warning,publication,revision_history,pisendel_violin_concerto_corr.mei,5,meiHead,,,,m1c6k1f5,Publication MEI should record meaningful revisions.,,,
warning,publication,source_description,pisendel_violin_concerto_corr.mei,5,meiHead,,,,m1c6k1f5,Publication MEI should describe its source.,,,
warning,publication,stable_identifier,pisendel_violin_concerto_corr.mei,5,meiHead,,,,m1c6k1f5,Publication metadata has no URN identifier.,URN,,
warning,publication,stable_identifier,pisendel_violin_concerto_corr.mei,5,meiHead,,,,m1c6k1f5,Publication metadata has no BSB-ID identifier.,BSB-ID,,
warning,publication,stable_identifier,pisendel_violin_concerto_corr.mei,5,meiHead,,,,m1c6k1f5,Publication metadata has no BuxWV identifier.,BuxWV,,
warning,publication,work_description,pisendel_violin_concerto_corr.mei,5,meiHead,,,,m1c6k1f5,Publication MEI should identify the encoded work.,,,
warning,publication,mdiv_work_link,pisendel_violin_concerto_corr.mei,611,mdiv,,,,z131e58g,Music division is not linked to a described work using @decls.,,,
warning,rhythm,layer_duration_overfull,pisendel_violin_concerto_corr.mei,3674,layer,27.0,3.0,,r1r00ax5,Layer is overfull against the active meter.,12,16,
warning,rhythm,layer_duration_overfull,pisendel_violin_concerto_corr.mei,3694,layer,27.0,4.0,,p1trlg5s,Layer is overfull against the active meter.,12,16,
warning,rhythm,layer_duration_overfull,pisendel_violin_concerto_corr.mei,3713,layer,27.0,5.0,,brpx2c5,Layer is overfull against the active meter.,12,16,
warning,rhythm,layer_duration_overfull,pisendel_violin_concerto_corr.mei,3729,layer,27.0,6.0,,v13ef92c,Layer is overfull against the active meter.,12,16,
warning,rhythm,layer_duration_overfull,pisendel_violin_concerto_corr.mei,3760,layer,27.0,10.0,,b95193o,Layer is overfull against the active meter.,12,16,
warning,rhythm,layer_duration_overfull,pisendel_violin_concerto_corr.mei,3779,layer,27.0,11.0,,o109q3j8,Layer is overfull against the active meter.,12,16,
warning,rhythm,layer_duration_overfull,pisendel_violin_concerto_corr.mei,3803,layer,28.0,3.0,,r1cxs3em,Layer is overfull against the active meter.,12,16,
warning,rhythm,layer_duration_overfull,pisendel_violin_concerto_corr.mei,3823,layer,28.0,4.0,,pt9kemq,Layer is overfull against the active meter.,12,16,
warning,rhythm,layer_duration_overfull,pisendel_violin_concerto_corr.mei,3845,layer,28.0,5.0,,x1oyd4e8,Layer is overfull against the active meter.,12,16,
warning,rhythm,layer_duration_overfull,pisendel_violin_concerto_corr.mei,3864,layer,28.0,6.0,,r1lmz4bl,Layer is overfull against the active meter.,12,16,
warning,rhythm,layer_duration_overfull,pisendel_violin_concerto_corr.mei,3898,layer,28.0,10.0,,g1n4izlf,Layer is overfull against the active meter.,12,16,
warning,rhythm,layer_duration_overfull,pisendel_violin_concerto_corr.mei,3923,layer,28.0,10.0,,b1lwa009,Layer is overfull against the active meter.,12,16,
warning,rhythm,layer_duration_overfull,pisendel_violin_concerto_corr.mei,3938,layer,28.0,11.0,,mpjypxw,Layer is overfull against the active meter.,12,16,
warning,rhythm,layer_duration_overfull,pisendel_violin_concerto_corr.mei,3970,layer,29.0,3.0,,u1r182ez,Layer is overfull against the active meter.,12,16,
warning,rhythm,layer_duration_overfull,pisendel_violin_concerto_corr.mei,3993,layer,29.0,4.0,,s16hmfn5,Layer is overfull against the active meter.,12,16,
warning,rhythm,layer_duration_overfull,pisendel_violin_concerto_corr.mei,4009,layer,29.0,5.0,,vdw7a75,Layer is overfull against the active meter.,12,16,
warning,rhythm,layer_duration_overfull,pisendel_violin_concerto_corr.mei,4025,layer,29.0,6.0,,p7007dj,Layer is overfull against the active meter.,12,16,
warning,rhythm,layer_duration_overfull,pisendel_violin_concerto_corr.mei,4056,layer,29.0,10.0,,l1xyooy0,Layer is overfull against the active meter.,12,16,
warning,rhythm,layer_duration_overfull,pisendel_violin_concerto_corr.mei,4082,layer,29.0,10.0,,hgtptyr,Layer is overfull against the active meter.,12,16,
warning,rhythm,layer_duration_overfull,pisendel_violin_concerto_corr.mei,4105,layer,29.0,11.0,,b1bsqq0h,Layer is overfull against the active meter.,12,16,
warning,rhythm,layer_duration_overfull,pisendel_violin_concerto_corr.mei,4133,layer,30.0,3.0,,a6jgizi,Layer is overfull against the active meter.,12,16,
warning,rhythm,layer_duration_overfull,pisendel_violin_concerto_corr.mei,4152,layer,30.0,4.0,,t19fkkjb,Layer is overfull against the active meter.,12,16,
warning,rhythm,layer_duration_overfull,pisendel_violin_concerto_corr.mei,4165,layer,30.0,5.0,,rkl7kaz,Layer is overfull against the active meter.,12,16,
warning,rhythm,layer_duration_overfull,pisendel_violin_concerto_corr.mei,4178,layer,30.0,6.0,,le3iogr,Layer is overfull against the active meter.,12,16,
warning,rhythm,layer_duration_overfull,pisendel_violin_concerto_corr.mei,4206,layer,30.0,10.0,,y1jxhtq0,Layer is overfull against the active meter.,12,16,
warning,rhythm,layer_duration_overfull,pisendel_violin_concerto_corr.mei,4238,layer,30.0,11.0,,w1j96crh,Layer is overfull against the active meter.,12,16,
warning,rhythm,layer_duration_overfull,pisendel_violin_concerto_corr.mei,4265,layer,31.0,3.0,,y1ayrffl,Layer is overfull against the active meter.,12,16,
warning,rhythm,layer_duration_overfull,pisendel_violin_concerto_corr.mei,4295,layer,31.0,4.0,,n1jvyf9q,Layer is overfull against the active meter.,12,16,
warning,rhythm,layer_duration_overfull,pisendel_violin_concerto_corr.mei,4314,layer,31.0,5.0,,oam06yz,Layer is overfull against the active meter.,12,16,
warning,rhythm,layer_duration_overfull,pisendel_violin_concerto_corr.mei,4336,layer,31.0,6.0,,i14nwwq3,Layer is overfull against the active meter.,12,16,
warning,rhythm,layer_duration_overfull,pisendel_violin_concerto_corr.mei,4373,layer,31.0,10.0,,u1fr5w88,Layer is overfull against the active meter.,12,16,
warning,rhythm,layer_duration_overfull,pisendel_violin_concerto_corr.mei,4406,layer,31.0,10.0,,vqalult,Layer is overfull against the active meter.,12,16,
warning,rhythm,layer_duration_overfull,pisendel_violin_concerto_corr.mei,4416,layer,31.0,11.0,,cda1war,Layer is overfull against the active meter.,12,16,
warning,rhythm,layer_duration_overfull,pisendel_violin_concerto_corr.mei,4455,layer,32.0,3.0,,ilokxbd,Layer is overfull against the active meter.,12,16,
warning,rhythm,layer_duration_overfull,pisendel_violin_concerto_corr.mei,4470,layer,32.0,4.0,,nxhhf4o,Layer is overfull against the active meter.,12,16,
warning,rhythm,layer_duration_overfull,pisendel_violin_concerto_corr.mei,4491,layer,32.0,5.0,,q1qaolk,Layer is overfull against the active meter.,12,16,
warning,rhythm,layer_duration_overfull,pisendel_violin_concerto_corr.mei,4512,layer,32.0,6.0,,k7ky07u,Layer is overfull against the active meter.,12,16,
warning,rhythm,layer_duration_overfull,pisendel_violin_concerto_corr.mei,4548,layer,32.0,10.0,,fsmblci,Layer is overfull against the active meter.,12,16,
warning,rhythm,layer_duration_overfull,pisendel_violin_concerto_corr.mei,4581,layer,32.0,10.0,,h101vxp2,Layer is overfull against the active meter.,12,16,
warning,rhythm,layer_duration_overfull,pisendel_violin_concerto_corr.mei,4589,layer,32.0,11.0,,m12p1pih,Layer is overfull against the active meter.,12,16,
warning,rhythm,layer_duration_overfull,pisendel_violin_concerto_corr.mei,4619,layer,33.0,3.0,,e86yklq,Layer is overfull against the active meter.,12,16,
warning,rhythm,layer_duration_overfull,pisendel_violin_concerto_corr.mei,4643,layer,33.0,4.0,,nhui56x,Layer is overfull against the active meter.,12,16,
warning,rhythm,layer_duration_overfull,pisendel_violin_concerto_corr.mei,4659,layer,33.0,5.0,,o19wwcrc,Layer is overfull against the active meter.,12,16,
warning,rhythm,layer_duration_overfull,pisendel_violin_concerto_corr.mei,4678,layer,33.0,6.0,,iaatq9,Layer is overfull against the active meter.,12,16,
warning,rhythm,layer_duration_overfull,pisendel_violin_concerto_corr.mei,4712,layer,33.0,10.0,,k1wer59d,Layer is overfull against the active meter.,12,16,
warning,rhythm,layer_duration_overfull,pisendel_violin_concerto_corr.mei,4732,layer,33.0,10.0,,a1817m11,Layer is overfull against the active meter.,12,16,
warning,rhythm,layer_duration_overfull,pisendel_violin_concerto_corr.mei,4743,layer,33.0,11.0,,hxyiab5,Layer is overfull against the active meter.,12,16,
warning,rhythm,layer_duration_overfull,pisendel_violin_concerto_corr.mei,4772,layer,34.0,3.0,,j154j979,Layer is overfull against the active meter.,12,16,
warning,rhythm,layer_duration_overfull,pisendel_violin_concerto_corr.mei,4790,layer,34.0,4.0,,kucnbfp,Layer is overfull against the active meter.,12,16,
warning,rhythm,layer_duration_overfull,pisendel_violin_concerto_corr.mei,4810,layer,34.0,5.0,,n10z7l4m,Layer is overfull against the active meter.,12,16,
warning,rhythm,layer_duration_overfull,pisendel_violin_concerto_corr.mei,4829,layer,34.0,6.0,,hhoto5c,Layer is overfull against the active meter.,12,16,
warning,rhythm,layer_duration_overfull,pisendel_violin_concerto_corr.mei,4863,layer,34.0,10.0,,fg8jf34,Layer is overfull against the active meter.,12,16,
warning,rhythm,layer_duration_overfull,pisendel_violin_concerto_corr.mei,4897,layer,34.0,11.0,,gs9jfss,Layer is overfull against the active meter.,12,16,
warning,rhythm,layer_duration_overfull,pisendel_violin_concerto_corr.mei,4932,layer,35.0,3.0,,i92xm0o,Layer is overfull against the active meter.,12,16,
warning,rhythm,layer_duration_overfull,pisendel_violin_concerto_corr.mei,4958,layer,35.0,4.0,,lspmnvb,Layer is overfull against the active meter.,12,16,
warning,rhythm,layer_duration_overfull,pisendel_violin_concerto_corr.mei,4981,layer,35.0,5.0,,l1kwadxm,Layer is overfull against the active meter.,12,16,
warning,rhythm,layer_duration_overfull,pisendel_violin_concerto_corr.mei,4996,layer,35.0,6.0,,fyr67vi,Layer is overfull against the active meter.,12,16,
warning,rhythm,layer_duration_overfull,pisendel_violin_concerto_corr.mei,5026,layer,35.0,10.0,,f54g5sf,Layer is overfull against the active meter.,12,16,
warning,rhythm,layer_duration_overfull,pisendel_violin_concerto_corr.mei,5056,layer,35.0,10.0,,g1jl7ra6,Layer is overfull against the active meter.,12,16,
warning,rhythm,layer_duration_overfull,pisendel_violin_concerto_corr.mei,5066,layer,35.0,11.0,,m1t380kt,Layer is overfull against the active meter.,12,16,
warning,staffing,missing_staff_in_measure,pisendel_violin_concerto_corr.mei,6804,measure,,,,ituozwk,Measure does not contain all staff numbers declared in the active staffDef.,"1, 10, 11, 2, 3, 4, 5, 6, 7, 8, 9","1, 10, 11, 2, 3, 5, 6, 7, 8, 9",missing=4
warning,staffing,staffdef_n,pisendel_violin_concerto_corr.mei,7193,staffDef,,,,isdjnxb,<staffDef> is missing @n.,,,
warning,rhythm,layer_duration_overfull,pisendel_violin_concerto_corr.mei,10912,layer,92.0,3.0,,q1npwz30,Layer is overfull against the active meter.,12,14,
warning,rhythm,layer_duration_overfull,pisendel_violin_concerto_corr.mei,11074,layer,94.0,3.0,,qxyk8tj,Layer is overfull against the active meter.,12,14,
warning,rhythm,layer_duration_underfull,pisendel_violin_concerto_corr.mei,28358,layer,230.0,8.0,,f4l58tu,Layer is underfull against the active meter.,6,2,No <space> found in this layer; a missing space/rest is a likely cause.
warning,staffing,missing_staff_in_measure,pisendel_violin_concerto_corr.mei,29599,measure,,,,g10o792l,Measure does not contain all staff numbers declared in the active staffDef.,"1, 10, 11, 2, 3, 4, 5, 6, 7, 8, 9","1, 10, 11, 2, 3, 4, 5, 6, 7, 8",missing=9
warning,rhythm,layer_duration_underfull,pisendel_violin_concerto_corr.mei,29611,layer,242.0,3.0,,q1w4navm,Layer is underfull against the active meter.,6,9/2,No <space> found in this layer; a missing space/rest is a likely cause.
warning,staffing,missing_staff_in_measure,pisendel_violin_concerto_corr.mei,30235,measure,,,,u1onltob,Measure does not contain all staff numbers declared in the active staffDef.,"1, 10, 11, 2, 3, 4, 5, 6, 7, 8, 9","1, 10, 11, 2, 3, 4, 5, 6, 7","missing=8, 9"
warning,staffing,missing_staff_in_measure,pisendel_violin_concerto_corr.mei,30320,measure,,,,k19y82na,Measure does not contain all staff numbers declared in the active staffDef.,"1, 10, 11, 2, 3, 4, 5, 6, 7, 8, 9","1, 10, 11, 2, 3, 4, 5, 6, 7","missing=8, 9"
warning,rhythm,layer_duration_underfull,pisendel_violin_concerto_corr.mei,30640,layer,254.0,3.0,,f1es8ii2,Layer is underfull against the active meter.,6,9/2,No <space> found in this layer; a missing space/rest is a likely cause.
warning,rhythm,layer_duration_underfull,pisendel_violin_concerto_corr.mei,31458,layer,263.0,3.0,,h9w1ldz,Layer is underfull against the active meter.,6,9/2,No <space> found in this layer; a missing space/rest is a likely cause.
warning,rhythm,layer_duration_underfull,pisendel_violin_concerto_corr.mei,31558,layer,264.0,3.0,,up35f2y,Layer is underfull against the active meter.,6,9/2,No <space> found in this layer; a missing space/rest is a likely cause.
warning,rhythm,layer_duration_underfull,pisendel_violin_concerto_corr.mei,31637,layer,265.0,3.0,,i70aozv,Layer is underfull against the active meter.,6,9/2,No <space> found in this layer; a missing space/rest is a likely cause.
warning,rhythm,layer_duration_underfull,pisendel_violin_concerto_corr.mei,31719,layer,266.0,3.0,,v8bygyq,Layer is underfull against the active meter.,6,9/2,No <space> found in this layer; a missing space/rest is a likely cause.
warning,rhythm,layer_duration_underfull,pisendel_violin_concerto_corr.mei,31810,layer,267.0,3.0,,meisflm,Layer is underfull against the active meter.,6,9/2,No <space> found in this layer; a missing space/rest is a likely cause.
warning,rhythm,layer_duration_underfull,pisendel_violin_concerto_corr.mei,34402,layer,292.0,4.0,,qelyr5a,Layer is underfull against the active meter.,6,9/2,No <space> found in this layer; a missing space/rest is a likely cause.
warning,rhythm,layer_duration_underfull,pisendel_violin_concerto_corr.mei,34421,layer,292.0,5.0,,z1a508,Layer is underfull against the active meter.,6,9/2,No <space> found in this layer; a missing space/rest is a likely cause.
warning,staffing,missing_staff_in_measure,pisendel_violin_concerto_corr.mei,42421,measure,,,,tf1bire,Measure does not contain all staff numbers declared in the active staffDef.,"1, 10, 11, 2, 3, 4, 5, 6, 7, 8, 9","1, 10, 11, 3, 4, 5, 6, 7, 8, 9",missing=2
warning,rhythm,layer_duration_underfull,pisendel_violin_concerto_corr.mei,43002,layer,376.0,3.0,,o8upbk4,Layer is underfull against the active meter.,6,11/2,No <space> found in this layer; a missing space/rest is a likely cause.
warning,staffing,missing_staff_in_measure,pisendel_violin_concerto_corr.mei,43272,measure,,,,ne79tos,Measure does not contain all staff numbers declared in the active staffDef.,"1, 10, 11, 2, 3, 4, 5, 6, 7, 8, 9","1, 2, 3, 4, 5, 6, 7","missing=10, 11, 8, 9"
warning,staffing,missing_staff_in_measure,pisendel_violin_concerto_corr.mei,43367,measure,,,,hpthfdh,Measure does not contain all staff numbers declared in the active staffDef.,"1, 10, 11, 2, 3, 4, 5, 6, 7, 8, 9","1, 2, 3, 4, 5, 6, 7","missing=10, 11, 8, 9"
warning,staffing,missing_staff_in_measure,pisendel_violin_concerto_corr.mei,43459,measure,,,,becgwar,Measure does not contain all staff numbers declared in the active staffDef.,"1, 10, 11, 2, 3, 4, 5, 6, 7, 8, 9","1, 2, 3, 4, 5, 6, 7","missing=10, 11, 8, 9"
warning,staffing,missing_staff_in_measure,pisendel_violin_concerto_corr.mei,43533,measure,,,,v38o6eb,Measure does not contain all staff numbers declared in the active staffDef.,"1, 10, 11, 2, 3, 4, 5, 6, 7, 8, 9","1, 2, 3, 4, 5, 6, 7","missing=10, 11, 8, 9"
warning,staffing,missing_staff_in_measure,pisendel_violin_concerto_corr.mei,43609,measure,,,,q1szywtg,Measure does not contain all staff numbers declared in the active staffDef.,"1, 10, 11, 2, 3, 4, 5, 6, 7, 8, 9","1, 2, 3, 4, 5, 6, 7","missing=10, 11, 8, 9"
warning,staffing,missing_staff_in_measure,pisendel_violin_concerto_corr.mei,43749,measure,,,,nkpvens,Measure does not contain all staff numbers declared in the active staffDef.,"1, 10, 11, 2, 3, 4, 5, 6, 7, 8, 9","1, 2, 3, 4, 5, 6, 7","missing=10, 11, 8, 9"
warning,staffing,missing_staff_in_measure,pisendel_violin_concerto_corr.mei,43809,measure,,,,lndpsma,Measure does not contain all staff numbers declared in the active staffDef.,"1, 10, 11, 2, 3, 4, 5, 6, 7, 8, 9","1, 2, 3, 4, 5, 6, 7","missing=10, 11, 8, 9"
warning,staffing,missing_staff_in_measure,pisendel_violin_concerto_corr.mei,43868,measure,,,,kqcqylu,Measure does not contain all staff numbers declared in the active staffDef.,"1, 10, 11, 2, 3, 4, 5, 6, 7, 8, 9","1, 2, 3, 4, 5, 6, 7","missing=10, 11, 8, 9"
warning,staffing,missing_staff_in_measure,pisendel_violin_concerto_corr.mei,43935,measure,,,,h1wybqvr,Measure does not contain all staff numbers declared in the active staffDef.,"1, 10, 11, 2, 3, 4, 5, 6, 7, 8, 9","1, 2, 3, 4, 5, 6, 7","missing=10, 11, 8, 9"
warning,staffing,missing_staff_in_measure,pisendel_violin_concerto_corr.mei,44000,measure,,,,f1tg9udf,Measure does not contain all staff numbers declared in the active staffDef.,"1, 10, 11, 2, 3, 4, 5, 6, 7, 8, 9","1, 2, 3, 4, 5, 6, 7","missing=10, 11, 8, 9"
warning,staffing,missing_staff_in_measure,pisendel_violin_concerto_corr.mei,44061,measure,,,,da5s8jo,Measure does not contain all staff numbers declared in the active staffDef.,"1, 10, 11, 2, 3, 4, 5, 6, 7, 8, 9","1, 2, 3, 4, 5, 6, 7","missing=10, 11, 8, 9"
warning,staffing,missing_staff_in_measure,pisendel_violin_concerto_corr.mei,44129,measure,,,,bll1vqu,Measure does not contain all staff numbers declared in the active staffDef.,"1, 10, 11, 2, 3, 4, 5, 6, 7, 8, 9","1, 2, 3, 4, 5, 6, 7","missing=10, 11, 8, 9"
warning,staffing,missing_staff_in_measure,pisendel_violin_concerto_corr.mei,44200,measure,,,,u1irkt73,Measure does not contain all staff numbers declared in the active staffDef.,"1, 10, 11, 2, 3, 4, 5, 6, 7, 8, 9","1, 2, 3, 4, 5, 6, 7","missing=10, 11, 8, 9"
warning,staffing,missing_staff_in_measure,pisendel_violin_concerto_corr.mei,44287,measure,,,,h6b0bep,Measure does not contain all staff numbers declared in the active staffDef.,"1, 10, 11, 2, 3, 4, 5, 6, 7, 8, 9","1, 2, 3, 4, 5, 6, 7","missing=10, 11, 8, 9"
warning,staffing,missing_staff_in_measure,pisendel_violin_concerto_corr.mei,44351,measure,,,,a2vp32j,Measure does not contain all staff numbers declared in the active staffDef.,"1, 10, 11, 2, 3, 4, 5, 6, 7, 8, 9","1, 2, 3, 4, 5, 6, 7","missing=10, 11, 8, 9"
warning,staffing,missing_staff_in_measure,pisendel_violin_concerto_corr.mei,44434,measure,,,,x8l19us,Measure does not contain all staff numbers declared in the active staffDef.,"1, 10, 11, 2, 3, 4, 5, 6, 7, 8, 9","1, 2, 3, 4, 5, 6, 7","missing=10, 11, 8, 9"
warning,staffing,missing_staff_in_measure,pisendel_violin_concerto_corr.mei,44492,measure,,,,u10ir0pc,Measure does not contain all staff numbers declared in the active staffDef.,"1, 10, 11, 2, 3, 4, 5, 6, 7, 8, 9","1, 2, 3, 4, 5, 6, 7","missing=10, 11, 8, 9"
warning,staffing,missing_staff_in_measure,pisendel_violin_concerto_corr.mei,44555,measure,,,,qo06qa0,Measure does not contain all staff numbers declared in the active staffDef.,"1, 10, 11, 2, 3, 4, 5, 6, 7, 8, 9","1, 2, 3, 4, 5, 6, 7","missing=10, 11, 8, 9"
warning,staffing,missing_staff_in_measure,pisendel_violin_concerto_corr.mei,44618,measure,,,,gbg6fjh,Measure does not contain all staff numbers declared in the active staffDef.,"1, 10, 11, 2, 3, 4, 5, 6, 7, 8, 9","1, 2, 3, 4, 5, 6, 7","missing=10, 11, 8, 9"
warning,staffing,missing_staff_in_measure,pisendel_violin_concerto_corr.mei,44699,measure,,,,t6tebs9,Measure does not contain all staff numbers declared in the active staffDef.,"1, 10, 11, 2, 3, 4, 5, 6, 7, 8, 9","1, 2, 3, 4, 5, 6, 7","missing=10, 11, 8, 9"
warning,staffing,missing_staff_in_measure,pisendel_violin_concerto_corr.mei,44764,measure,,,,m17v712,Measure does not contain all staff numbers declared in the active staffDef.,"1, 10, 11, 2, 3, 4, 5, 6, 7, 8, 9","1, 2, 3, 4, 5, 6, 7","missing=10, 11, 8, 9"
warning,staffing,missing_staff_in_measure,pisendel_violin_concerto_corr.mei,44841,measure,,,,hrkin0k,Measure does not contain all staff numbers declared in the active staffDef.,"1, 10, 11, 2, 3, 4, 5, 6, 7, 8, 9","1, 2, 3, 4, 5, 6, 7","missing=10, 11, 8, 9"
warning,rhythm,layer_duration_underfull,pisendel_violin_concerto_corr.mei,45844,layer,411.0,4.0,,p47xt95,Layer is underfull against the active meter.,6,9/2,No <space> found in this layer; a missing space/rest is a likely cause.
warning,rhythm,layer_duration_underfull,pisendel_violin_concerto_corr.mei,45863,layer,411.0,5.0,,f1cyoxcm,Layer is underfull against the active meter.,6,9/2,No <space> found in this layer; a missing space/rest is a likely cause.
warning,staffing,missing_staff_in_measure,pisendel_violin_concerto_corr.mei,48054,measure,,,,z144favu,Measure does not contain all staff numbers declared in the active staffDef.,"1, 10, 11, 2, 3, 4, 5, 6, 7, 8, 9","1, 2, 3, 4, 5, 6, 7","missing=10, 11, 8, 9"
warning,rhythm,layer_duration_underfull,pisendel_violin_concerto_corr.mei,48056,layer,433.0,1.0,,jjntm10,Layer is underfull against the active meter.,6,5,No <space> found in this layer; a missing space/rest is a likely cause.
warning,staffing,missing_staff_in_measure,pisendel_violin_concerto_corr.mei,48116,measure,,,,dbqiytt,Measure does not contain all staff numbers declared in the active staffDef.,"1, 10, 11, 2, 3, 4, 5, 6, 7, 8, 9","1, 2, 3, 4, 5, 6, 7","missing=10, 11, 8, 9"
warning,rhythm,layer_duration_underfull,pisendel_violin_concerto_corr.mei,48118,layer,434.0,1.0,,nb5ymj2,Layer is underfull against the active meter.,6,9/2,No <space> found in this layer; a missing space/rest is a likely cause.
warning,staffing,missing_staff_in_measure,pisendel_violin_concerto_corr.mei,48185,measure,,,,eagz82f,Measure does not contain all staff numbers declared in the active staffDef.,"1, 10, 11, 2, 3, 4, 5, 6, 7, 8, 9","1, 2, 3, 4, 5, 6, 7","missing=10, 11, 8, 9"
warning,staffing,missing_staff_in_measure,pisendel_violin_concerto_corr.mei,48249,measure,,,,h5eq1ji,Measure does not contain all staff numbers declared in the active staffDef.,"1, 10, 11, 2, 3, 4, 5, 6, 7, 8, 9","1, 2, 3, 4, 5, 6, 7","missing=10, 11, 8, 9"
warning,rhythm,layer_duration_underfull,pisendel_violin_concerto_corr.mei,48251,layer,436.0,1.0,,rj0ncwg,Layer is underfull against the active meter.,6,9/2,No <space> found in this layer; a missing space/rest is a likely cause.
warning,staffing,missing_staff_in_measure,pisendel_violin_concerto_corr.mei,48317,measure,,,,k1olbdda,Measure does not contain all staff numbers declared in the active staffDef.,"1, 10, 11, 2, 3, 4, 5, 6, 7, 8, 9","1, 2, 3, 4, 5, 6, 7","missing=10, 11, 8, 9"
warning,staffing,missing_staff_in_measure,pisendel_violin_concerto_corr.mei,48382,measure,,,,ocr3721,Measure does not contain all staff numbers declared in the active staffDef.,"1, 10, 11, 2, 3, 4, 5, 6, 7, 8, 9","1, 2, 3, 4, 5, 6, 7","missing=10, 11, 8, 9"
warning,rhythm,layer_duration_underfull,pisendel_violin_concerto_corr.mei,48384,layer,438.0,1.0,,b1bg753z,Layer is underfull against the active meter.,6,9/2,No <space> found in this layer; a missing space/rest is a likely cause.
warning,staffing,missing_staff_in_measure,pisendel_violin_concerto_corr.mei,48450,measure,,,,n1jwji84,Measure does not contain all staff numbers declared in the active staffDef.,"1, 10, 11, 2, 3, 4, 5, 6, 7, 8, 9","1, 2, 3, 4, 5, 6, 7","missing=10, 11, 8, 9"
warning,staffing,missing_staff_in_measure,pisendel_violin_concerto_corr.mei,48514,measure,,,,oluc7s,Measure does not contain all staff numbers declared in the active staffDef.,"1, 10, 11, 2, 3, 4, 5, 6, 7, 8, 9","1, 2, 3, 4, 5, 6, 7","missing=10, 11, 8, 9"
warning,rhythm,layer_duration_underfull,pisendel_violin_concerto_corr.mei,48516,layer,440.0,1.0,,yu4z13r,Layer is underfull against the active meter.,6,9/2,No <space> found in this layer; a missing space/rest is a likely cause.
warning,staffing,missing_staff_in_measure,pisendel_violin_concerto_corr.mei,48582,measure,,,,m1wn4ejc,Measure does not contain all staff numbers declared in the active staffDef.,"1, 10, 11, 2, 3, 4, 5, 6, 7, 8, 9","1, 2, 3, 4, 5, 6, 7","missing=10, 11, 8, 9"
warning,staffing,missing_staff_in_measure,pisendel_violin_concerto_corr.mei,48646,measure,,,,nm8s82b,Measure does not contain all staff numbers declared in the active staffDef.,"1, 10, 11, 2, 3, 4, 5, 6, 7, 8, 9","1, 2, 3, 4, 5, 6, 7","missing=10, 11, 8, 9"
warning,staffing,missing_staff_in_measure,pisendel_violin_concerto_corr.mei,48719,measure,,,,kmkvnox,Measure does not contain all staff numbers declared in the active staffDef.,"1, 10, 11, 2, 3, 4, 5, 6, 7, 8, 9","1, 2, 3, 4, 5, 6, 7","missing=10, 11, 8, 9"
warning,staffing,missing_staff_in_measure,pisendel_violin_concerto_corr.mei,48797,measure,,,,s1739e9a,Measure does not contain all staff numbers declared in the active staffDef.,"1, 10, 11, 2, 3, 4, 5, 6, 7, 8, 9","1, 2, 3, 4, 5, 6, 7","missing=10, 11, 8, 9"
warning,staffing,missing_staff_in_measure,pisendel_violin_concerto_corr.mei,48875,measure,,,,wrkcfoh,Measure does not contain all staff numbers declared in the active staffDef.,"1, 10, 11, 2, 3, 4, 5, 6, 7, 8, 9","1, 2, 3, 4, 5, 6, 7","missing=10, 11, 8, 9"
warning,staffing,missing_staff_in_measure,pisendel_violin_concerto_corr.mei,48953,measure,,,,z10nidn8,Measure does not contain all staff numbers declared in the active staffDef.,"1, 10, 11, 2, 3, 4, 5, 6, 7, 8, 9","1, 2, 3, 4, 5, 6, 7","missing=10, 11, 8, 9"
warning,staffing,missing_staff_in_measure,pisendel_violin_concerto_corr.mei,49030,measure,,,,a2dobaf,Measure does not contain all staff numbers declared in the active staffDef.,"1, 10, 11, 2, 3, 4, 5, 6, 7, 8, 9","1, 2, 3, 4, 5, 6, 7","missing=10, 11, 8, 9"
warning,rhythm,layer_duration_underfull,pisendel_violin_concerto_corr.mei,50370,layer,460.0,4.0,,p1nfakey,Layer is underfull against the active meter.,6,9/2,No <space> found in this layer; a missing space/rest is a likely cause.
warning,rhythm,layer_duration_underfull,pisendel_violin_concerto_corr.mei,50391,layer,460.0,5.0,,i1nw594d,Layer is underfull against the active meter.,6,9/2,No <space> found in this layer; a missing space/rest is a likely cause.
info,publication,application_provenance,pisendel_violin_concerto_corr.mei,5,meiHead,,,,m1c6k1f5,Application provenance does not list musiconn.scoresearch.,,,
info,publication,edition_version,pisendel_violin_concerto_corr.mei,6,edition,,,,,Edition @n is not a three-part semantic version.,MAJOR.MINOR.PATCH,1.0,
info,instrumentation,corpus_staff_label_variants,pisendel_violin_concerto_corr.mei,631,staffDef,,3.0,,v17dr9pb,Corpus uses multiple staff labels for staff 3; decide whether this is intentional.,consistent naming,Violino concertato. | Violino conertato.,9 staffDef records checked
info,instrumentation,missing_instrdef,pisendel_violin_concerto_corr.mei,631,staffDef,,3.0,,v17dr9pb,"Staff definition has no instrDef in staffDef, enclosing staffGrp, or inherited active staff identity.",,,
info,instrumentation,missing_instrdef,pisendel_violin_concerto_corr.mei,654,staffDef,,6.0,,k4tuljk,"Staff definition has no instrDef in staffDef, enclosing staffGrp, or inherited active staff identity.",,,
info,terms,corpus_term_spelling_variants,pisendel_violin_concerto_corr.mei,1290,dynam,5.0,8.0,,p54tjoo,Corpus uses spelling/punctuation variants of the same normalized musical term.,p,(p) | p,
info,terms,term_spelling_variants_in_file,pisendel_violin_concerto_corr.mei,1290,dynam,5.0,8.0,,p54tjoo,Same normalized musical term appears with spelling/punctuation variants in this file.,,(p) | p,
info,terms,corpus_term_spelling_variants,pisendel_violin_concerto_corr.mei,1496,dynam,7.0,8.0,,d66eb0491,Corpus uses spelling/punctuation variants of the same normalized musical term.,f,(f) | f,
info,terms,term_spelling_variants_in_file,pisendel_violin_concerto_corr.mei,1496,dynam,7.0,8.0,,d66eb0491,Same normalized musical term appears with spelling/punctuation variants in this file.,,(f) | f,
info,terms,corpus_term_spelling_variants,pisendel_violin_concerto_corr.mei,2903,dir,20.0,7.0,,,Corpus uses spelling/punctuation variants of the same normalized musical term.,tutti,Tutti | Tutti. | tutti,
info,terms,term_spelling_variants_in_file,pisendel_violin_concerto_corr.mei,2903,dir,20.0,7.0,,,Same normalized musical term appears with spelling/punctuation variants in this file.,,Tutti | Tutti. | tutti,
info,terms,corpus_term_spelling_variants,pisendel_violin_concerto_corr.mei,3461,dynam,24.0,10.0,,d8djz6l1,Corpus uses spelling/punctuation variants of the same normalized musical term.,pp,(pp) | pp,
info,terms,term_spelling_variants_in_file,pisendel_violin_concerto_corr.mei,3461,dynam,24.0,10.0,,d8djz6l1,Same normalized musical term appears with spelling/punctuation variants in this file.,,(pp) | pp,
info,terms,corpus_term_spelling_variants,pisendel_violin_concerto_corr.mei,3662,dir,27.0,11.0,,mkofsd3,Corpus uses spelling/punctuation variants of the same normalized musical term.,cemb. ii,Cemb. II | Cemb. II.,
info,terms,term_spelling_variants_in_file,pisendel_violin_concerto_corr.mei,3662,dir,27.0,11.0,,mkofsd3,Same normalized musical term appears with spelling/punctuation variants in this file.,,Cemb. II | Cemb. II.,
info,layering,single_layer_not_numbered_one,pisendel_violin_concerto_corr.mei,3669,layer,27.0,2.0,,jdk8,Single-layer staff has layer @n other than '1'; check whether voice numbering is intentional.,1,2,
info,layering,single_layer_not_numbered_one,pisendel_violin_concerto_corr.mei,3674,layer,27.0,3.0,,r1r00ax5,Single-layer staff has layer @n other than '1'; check whether voice numbering is intentional.,1,3,
info,layering,single_layer_not_numbered_one,pisendel_violin_concerto_corr.mei,3694,layer,27.0,4.0,,p1trlg5s,Single-layer staff has layer @n other than '1'; check whether voice numbering is intentional.,1,4,
info,layering,single_layer_not_numbered_one,pisendel_violin_concerto_corr.mei,3713,layer,27.0,5.0,,brpx2c5,Single-layer staff has layer @n other than '1'; check whether voice numbering is intentional.,1,5,
info,layering,single_layer_not_numbered_one,pisendel_violin_concerto_corr.mei,3729,layer,27.0,6.0,,v13ef92c,Single-layer staff has layer @n other than '1'; check whether voice numbering is intentional.,1,6,
info,layering,single_layer_not_numbered_one,pisendel_violin_concerto_corr.mei,3745,layer,27.0,7.0,,saldfo,Single-layer staff has layer @n other than '1'; check whether voice numbering is intentional.,1,7,
info,layering,single_layer_not_numbered_one,pisendel_violin_concerto_corr.mei,3760,layer,27.0,10.0,,b95193o,Single-layer staff has layer @n other than '1'; check whether voice numbering is intentional.,1,10,
info,layering,single_layer_not_numbered_one,pisendel_violin_concerto_corr.mei,3779,layer,27.0,11.0,,o109q3j8,Single-layer staff has layer @n other than '1'; check whether voice numbering is intentional.,1,11,
info,terms,corpus_term_spelling_variants,pisendel_violin_concerto_corr.mei,3789,dir,27.0,3.0,,ddlhln4,Corpus uses spelling/punctuation variants of the same normalized musical term.,solo,Solo | Solo.,
info,terms,term_spelling_variants_in_file,pisendel_violin_concerto_corr.mei,3789,dir,27.0,3.0,,ddlhln4,Same normalized musical term appears with spelling/punctuation variants in this file.,,Solo | Solo.,
info,layering,single_layer_not_numbered_one,pisendel_violin_concerto_corr.mei,3798,layer,28.0,2.0,,dsfbe,Single-layer staff has layer @n other than '1'; check whether voice numbering is intentional.,1,2,
info,layering,single_layer_not_numbered_one,pisendel_violin_concerto_corr.mei,3803,layer,28.0,3.0,,r1cxs3em,Single-layer staff has layer @n other than '1'; check whether voice numbering is intentional.,1,3,
info,layering,single_layer_not_numbered_one,pisendel_violin_concerto_corr.mei,3893,layer,28.0,9.0,,nsdfjherk34l23,Single-layer staff has layer @n other than '1'; check whether voice numbering is intentional.,1,9,
info,layering,single_layer_not_numbered_one,pisendel_violin_concerto_corr.mei,5481,layer,39.0,3.0,,exz0l86,Single-layer staff has layer @n other than '1'; check whether voice numbering is intentional.,1,3,
info,terms,corpus_term_spelling_variants,pisendel_violin_concerto_corr.mei,7681,dir,61.0,7.0,,hbs83,Corpus uses spelling/punctuation variants of the same normalized musical term.,bassi,Bassi | Bassi.,
info,terms,term_spelling_variants_in_file,pisendel_violin_concerto_corr.mei,7681,dir,61.0,7.0,,hbs83,Same normalized musical term appears with spelling/punctuation variants in this file.,,Bassi | Bassi.,
info,layering,single_layer_not_numbered_one,pisendel_violin_concerto_corr.mei,8445,layer,68.0,11.0,,s1w2rk0o,Single-layer staff has layer @n other than '1'; check whether voice numbering is intentional.,1,6,
warning,verovio,verovio_log,/home/egor/Nextcloud/code/public_repos/camat_corpus_editions/DdT_1_vol_29_30/29_30_instrumentalkonzerte_final/pisendel_violin_concerto_corr.mei,4533,layer,32,7,,cvsdgez8934,"Missing @n on <layer>, filled by order",,,load/render
warning,verovio,verovio_log,/home/egor/Nextcloud/code/public_repos/camat_corpus_editions/DdT_1_vol_29_30/29_30_instrumentalkonzerte_final/pisendel_violin_concerto_corr.mei,4927,layer,35,2,,asweifuj45,"Missing @n on <layer>, filled by order",,,load/render
warning,verovio,verovio_log,/home/egor/Nextcloud/code/public_repos/camat_corpus_editions/DdT_1_vol_29_30/29_30_instrumentalkonzerte_final/pisendel_violin_concerto_corr.mei,,,,,,,No @n on <staffDef> might yield unpredictable results,,,load/render
warning,verovio,verovio_log,/home/egor/Nextcloud/code/public_repos/camat_corpus_editions/DdT_1_vol_29_30/29_30_instrumentalkonzerte_final/pisendel_violin_concerto_corr.mei,8557,layer,70,1,,wasdcy9,"Missing @n on <layer>, filled by order",,,load/render
warning,verovio,verovio_log,/home/egor/Nextcloud/code/public_repos/camat_corpus_editions/DdT_1_vol_29_30/29_30_instrumentalkonzerte_final/pisendel_violin_concerto_corr.mei,11789,layer,102,9,,aqwig723,"Missing @n on <layer>, filled by order",,,load/render
warning,verovio,verovio_log,/home/egor/Nextcloud/code/public_repos/camat_corpus_editions/DdT_1_vol_29_30/29_30_instrumentalkonzerte_final/pisendel_violin_concerto_corr.mei,29580,layer,241,9,,ksdfjuzer,"Missing @n on <layer>, filled by order",,,load/render
warning,verovio,verovio_log,/home/egor/Nextcloud/code/public_repos/camat_corpus_editions/DdT_1_vol_29_30/29_30_instrumentalkonzerte_final/pisendel_violin_concerto_corr.mei,30475,layer,252,8,,asdplcvj34,"Missing @n on <layer>, filled by order",,,load/render
warning,verovio,verovio_log,/home/egor/Nextcloud/code/public_repos/camat_corpus_editions/DdT_1_vol_29_30/29_30_instrumentalkonzerte_final/pisendel_violin_concerto_corr.mei,44982,note,401,3,1,i1bgof30,"Expected @tie median or terminal in note 'i1bgof30', skipping it",,i1bgof30,load/render
warning,verovio,verovio_log,/home/egor/Nextcloud/code/public_repos/camat_corpus_editions/DdT_1_vol_29_30/29_30_instrumentalkonzerte_final/pisendel_violin_concerto_corr.mei,49069,note,447,3,1,s1kmu2bb,"Unable to match @tie of note 's1kmu2bb', skipping it",,s1kmu2bb,load/render
warning,verovio,verovio_log,/home/egor/Nextcloud/code/public_repos/camat_corpus_editions/DdT_1_vol_29_30/29_30_instrumentalkonzerte_final/pisendel_violin_concerto_corr.mei,49476,note,451,4,1,uwhjpoa,"Expected @tie median or terminal in note 'uwhjpoa', skipping it",,uwhjpoa,load/render
warning,verovio,verovio_log,/home/egor/Nextcloud/code/public_repos/camat_corpus_editions/DdT_1_vol_29_30/29_30_instrumentalkonzerte_final/pisendel_violin_concerto_corr.mei,49102,note,447,7,1,o1f5mtlt,"Unable to match @tie of note 'o1f5mtlt', skipping it",,o1f5mtlt,load/render
warning,verovio,verovio_log,/home/egor/Nextcloud/code/public_repos/camat_corpus_editions/DdT_1_vol_29_30/29_30_instrumentalkonzerte_final/pisendel_violin_concerto_corr.mei,51721,note,472,8,1,c1m7k8nz,"Expected @tie median or terminal in note 'c1m7k8nz', skipping it",,c1m7k8nz,load/render
warning,verovio,verovio_log,/home/egor/Nextcloud/code/public_repos/camat_corpus_editions/DdT_1_vol_29_30/29_30_instrumentalkonzerte_final/pisendel_violin_concerto_corr.mei,26696,tie,214,8,,t63t0cs2,tie 't63t0cs2' is not encoded in the measure of its start 'h13p7tof'. This may cause improper rendering.,,t63t0cs2,load/render
warning,verovio,verovio_log,/home/egor/Nextcloud/code/public_repos/camat_corpus_editions/DdT_1_vol_29_30/29_30_instrumentalkonzerte_final/pisendel_violin_concerto_corr.mei,22619,slur,187,8,,sar5hrj1,"Time spanning element 'slur' with @xml:id 'sar5hrj1', @startid '#wekort', and @endid '#nytj9hd1' could not be matched.",,sar5hrj1,load/render
warning,verovio,verovio_log,/home/egor/Nextcloud/code/public_repos/camat_corpus_editions/DdT_1_vol_29_30/29_30_instrumentalkonzerte_final/pisendel_violin_concerto_corr.mei,7193,staffDef,,,,isdjnxb,StaffDef with xml:id 'isdjnxb' could not be found,,isdjnxb,load/render
warning,verovio,verovio_log,/home/egor/Nextcloud/code/public_repos/camat_corpus_editions/DdT_1_vol_29_30/29_30_instrumentalkonzerte_final/pisendel_violin_concerto_corr.mei,27162,note,219,4,1,e1baot9m,"Insufficient space to draw mixed beam, starting at 'e1baot9m'. Drawing 'above' instead.",,e1baot9m,load/render
warning,verovio,verovio_log,/home/egor/Nextcloud/code/public_repos/camat_corpus_editions/DdT_1_vol_29_30/29_30_instrumentalkonzerte_final/pisendel_violin_concerto_corr.mei,27172,note,219,5,1,nqgkyhj,"Insufficient space to draw mixed beam, starting at 'nqgkyhj'. Drawing 'above' instead.",,nqgkyhj,load/render
warning,verovio,verovio_log,/home/egor/Nextcloud/code/public_repos/camat_corpus_editions/DdT_1_vol_29_30/29_30_instrumentalkonzerte_final/pisendel_violin_concerto_corr.mei,27339,note,221,4,1,i1nchnmk,"Insufficient space to draw mixed beam, starting at 'i1nchnmk'. Drawing 'above' instead.",,i1nchnmk,load/render
warning,verovio,verovio_log,/home/egor/Nextcloud/code/public_repos/camat_corpus_editions/DdT_1_vol_29_30/29_30_instrumentalkonzerte_final/pisendel_violin_concerto_corr.mei,27349,note,221,5,1,rqialnz,"Insufficient space to draw mixed beam, starting at 'rqialnz'. Drawing 'above' instead.",,rqialnz,load/render
warning,verovio,verovio_log,/home/egor/Nextcloud/code/public_repos/camat_corpus_editions/DdT_1_vol_29_30/29_30_instrumentalkonzerte_final/pisendel_violin_concerto_corr.mei,32649,note,275,8,2,f1q1r58f,"Insufficient space to draw mixed beam, starting at 'f1q1r58f'. Drawing 'above' instead.",,f1q1r58f,load/render
warning,verovio,verovio_log,/home/egor/Nextcloud/code/public_repos/camat_corpus_editions/DdT_1_vol_29_30/29_30_instrumentalkonzerte_final/pisendel_violin_concerto_corr.mei,43700,note,383,2,1,ft5hypy,"Insufficient space to draw mixed beam, starting at 'ft5hypy'. Drawing 'above' instead.",,ft5hypy,load/render
warning,verovio,verovio_log,/home/egor/Nextcloud/code/public_repos/camat_corpus_editions/DdT_1_vol_29_30/29_30_instrumentalkonzerte_final/pisendel_violin_concerto_corr.mei,43825,note,385,2,1,v11qibiu,"Insufficient space to draw mixed beam, starting at 'v11qibiu'. Drawing 'above' instead.",,v11qibiu,load/render
warning,verovio,verovio_log,/home/egor/Nextcloud/code/public_repos/camat_corpus_editions/DdT_1_vol_29_30/29_30_instrumentalkonzerte_final/pisendel_violin_concerto_corr.mei,43953,note,387,2,1,senwbws,"Insufficient space to draw mixed beam, starting at 'senwbws'. Drawing 'above' instead.",,senwbws,load/render
warning,verovio,verovio_log,/home/egor/Nextcloud/code/public_repos/camat_corpus_editions/DdT_1_vol_29_30/29_30_instrumentalkonzerte_final/pisendel_violin_concerto_corr.mei,44077,note,389,2,1,odadcfk,"Insufficient space to draw mixed beam, starting at 'odadcfk'. Drawing 'above' instead.",,odadcfk,load/render
warning,verovio,verovio_log,/home/egor/Nextcloud/code/public_repos/camat_corpus_editions/DdT_1_vol_29_30/29_30_instrumentalkonzerte_final/pisendel_violin_concerto_corr.mei,45974,note,412,4,1,a82u9nr,"Insufficient space to draw mixed beam, starting at 'a82u9nr'. Drawing 'below' instead.",,a82u9nr,load/render
warning,verovio,verovio_log,/home/egor/Nextcloud/code/public_repos/camat_corpus_editions/DdT_1_vol_29_30/29_30_instrumentalkonzerte_final/pisendel_violin_concerto_corr.mei,45984,note,412,5,1,jtu7uum,"Insufficient space to draw mixed beam, starting at 'jtu7uum'. Drawing 'below' instead.",,jtu7uum,load/render
warning,verovio,verovio_log,/home/egor/Nextcloud/code/public_repos/camat_corpus_editions/DdT_1_vol_29_30/29_30_instrumentalkonzerte_final/pisendel_violin_concerto_corr.mei,46153,note,414,4,1,dct0262,"Insufficient space to draw mixed beam, starting at 'dct0262'. Drawing 'below' instead.",,dct0262,load/render
warning,verovio,verovio_log,/home/egor/Nextcloud/code/public_repos/camat_corpus_editions/DdT_1_vol_29_30/29_30_instrumentalkonzerte_final/pisendel_violin_concerto_corr.mei,46163,note,414,5,1,mcfi9jj,"Insufficient space to draw mixed beam, starting at 'mcfi9jj'. Drawing 'below' instead.",,mcfi9jj,load/render
warning,verovio,verovio_log,/home/egor/Nextcloud/code/public_repos/camat_corpus_editions/DdT_1_vol_29_30/29_30_instrumentalkonzerte_final/pisendel_violin_concerto_corr.mei,50520,note,461,4,1,ob3uqhx,"Insufficient space to draw mixed beam, starting at 'ob3uqhx'. Drawing 'above' instead.",,ob3uqhx,load/render
warning,verovio,verovio_log,/home/egor/Nextcloud/code/public_repos/camat_corpus_editions/DdT_1_vol_29_30/29_30_instrumentalkonzerte_final/pisendel_violin_concerto_corr.mei,50530,note,461,5,1,xjnrsnk,"Insufficient space to draw mixed beam, starting at 'xjnrsnk'. Drawing 'above' instead.",,xjnrsnk,load/render
warning,verovio,verovio_log,/home/egor/Nextcloud/code/public_repos/camat_corpus_editions/DdT_1_vol_29_30/29_30_instrumentalkonzerte_final/pisendel_violin_concerto_corr.mei,50699,note,463,4,1,w11akclf,"Insufficient space to draw mixed beam, starting at 'w11akclf'. Drawing 'above' instead.",,w11akclf,load/render
warning,verovio,verovio_log,/home/egor/Nextcloud/code/public_repos/camat_corpus_editions/DdT_1_vol_29_30/29_30_instrumentalkonzerte_final/pisendel_violin_concerto_corr.mei,50709,note,463,5,1,fxrtblu,"Insufficient space to draw mixed beam, starting at 'fxrtblu'. Drawing 'above' instead.",,fxrtblu,load/render
